FirstName,LastName,Height,Weight,Age,Position,College,Experience,Team,InsideScoring,Jumpshot,3P,Handling,Passing,Quickness,PostD,PerimeterD,DriveD,Stealing,Blocking,Oreb,Dreb,Jumping,Strength,Potential,Salary1,Salary2,Salary3,Salary4,Salary5,Salary6,Salary7
 
Josh,Childress,80,210,20,SF,Stanford,0,Hawks,49,74,69,47,32,66,49,40,43,42,43,45,46,75,65,95,2490360,2677200,2863920,3631450,0,0,0
Jason,Collier,84,260,26,PF,Georgia Tech,4,Hawks,65,71,5,47,16,44,54,19,50,48,50,50,54,61,74,50,1500000,1650000,0,0,0,0,0
Chris,Crawford,81,235,28,PF,Marquette,7,Hawks,55,79,74,53,20,49,47,31,46,55,44,41,43,55,64,50,3250000,0,0,0,0,0,0
Tony,Delk,74,189,29,SG,Kentucky,8,Hawks,37,76,55,63,24,71,33,62,60,71,24,23,34,70,47,50,3150000,3375000,0,0,0,0,0
Boris,Diaw,80,215,21,SG,France,1,FA,43,52,15,51,39,47,44,41,52,57,35,41,46,68,57,65,0,0,0,0,0,0,0
Predrag,Drobnjak,83,272,28,C,Serbia-Montenegro,3,Hawks,48,77,29,52,19,42,61,19,59,47,62,51,59,47,83,50,2812500,3125000,3437500,0,0,0,0
Al,Harrington,81,250,23,PF,St. Patrick's HS (NJ),6,Hawks,70,65,38,44,36,48,44,35,26,58,18,49,52,53,72,65,6250000,6875000,0,0,0,0,0
Royal,Ivey,75,200,21,PG,Texas,0,FA,49,47,30,72,39,75,19,34,33,40,8,18,23,62,44,55,0,0,0,0,0,0,0
Donta,Smith,79,215,19,SG,Southeastern Illinois,0,FA,60,62,56,53,32,82,35,49,43,50,21,22,38,94,63,55,0,0,0,0,0,0,0
Josh,Smith,81,225,17,SF,Oak Hill Academy (Mouth of Wil,0,Hawks,55,50,45,35,25,60,25,35,35,30,30,40,40,85,55,83,1270080,1365360,1460640,2243543,0,0,0
Antoine,Walker,81,245,27,PF,Kentucky,8,Hawks,68,47,55,50,58,47,70,38,46,47,46,51,63,48,76,60,14625000,0,0,0,0,0,0
Tony,Allen,76,213,21,SG,Oklahoma State,0,Celtics,59,51,39,60,34,79,31,49,43,48,25,27,29,100,55,67,901920,969600,1037280,1868141,0,0,0
Marcus,Banks,74,200,21,PG,Nevada-Las Vegas,1,Celtics,44,68,47,47,43,77,26,60,65,79,16,17,30,59,42,55,1343200,1436900,2053330,0,0,0,0
Dana,Barros,71,165,36,SG,Boston College,14,FA,63,45,5,48,6,75,19,30,39,42,10,10,17,60,34,45,0,0,0,0,0,0,0
Mark,Blount,84,250,27,C,Pittsburgh,4,Celtics,64,64,5,43,25,40,60,34,64,58,65,63,59,46,78,50,4900000,5512500,6125000,6737500,7350000,7962500,0
Ernest,Brown,84,244,24,C,Indian Hills CC IA,1,Celtics,42,45,5,42,20,36,62,17,55,34,55,46,40,42,67,50,620046,0,0,0,0,0,0
Ricky,Davis,79,195,24,SF,Iowa,6,Celtics,65,65,54,48,38,63,48,55,48,57,27,24,50,62,59,60,5454000,5908500,6363000,6817500,0,0,0
Rick,Fox,79,235,34,SF,North Carolina,13,FA,39,65,42,59,34,53,36,39,48,59,21,30,39,55,59,45,0,0,0,0,0,0,0
Tom,Gugliotta,82,250,33,PF,North Carolina State,12,Celtics,49,45,5,51,20,40,52,38,46,59,43,43,52,48,71,45,1100000,0,0,0,0,0,0
Al,Jefferson,82,265,18,PF,Prentiss HS (MS),0,Celtics,55,50,5,40,20,40,45,15,45,30,60,50,50,60,85,86,1407240,1512840,1618320,2480884,0,0,0
Raef,LaFrentz,83,245,27,C,Kansas,6,Celtics,59,69,30,67,20,44,54,22,55,50,57,57,55,51,71,60,9087500,9996250,10905000,11813750,12722500,0,0
Walter,McCarty,82,230,29,PF,Kentucky,8,FA,46,68,77,57,33,43,46,43,37,61,31,19,45,46,64,50,0,0,0,0,0,0,0
Gary,Payton,76,180,35,PG,Oregon State,14,Celtics,55,63,63,76,68,83,34,61,50,59,13,20,39,58,44,45,5408700,0,0,0,0,0,0
Kendrick,Perkins,82,280,18,C,Clifton J. Ozen HS (TX),1,Celtics,50,45,5,38,15,43,57,6,55,34,56,40,40,43,74,50,729500,780400,1407841,0,0,0,0
Paul,Pierce,78,230,26,SF,Kansas,6,Celtics,71,74,62,25,59,71,53,57,57,67,34,18,60,82,69,60,12584688,13843157,15101626,16360095,0,0,0
Justin,Reed,80,240,21,PF,Mississippi,0,Celtics,61,55,31,50,20,53,35,17,32,29,32,42,38,72,73,55,385277,-1,0,0,0,0,0
Michael,Stewart,82,230,28,C,California,7,Celtics,47,45,5,51,5,36,51,18,69,41,75,50,53,44,72,50,4800000,0,0,0,0,0,0
Jiri,Welsch,79,208,23,SG,Czech Republic,2,Celtics,37,66,72,53,45,61,34,61,58,71,6,22,44,64,54,50,1419240,2177114,0,0,0,0,0
Delonte,West,76,180,20,SG,St. Joseph's (PA),0,Celtics,46,69,59,58,40,80,23,47,37,44,10,22,29,73,51,69,939480,1010040,1080480,1889759,0,0,0
Corey,Benjamin,78,200,25,SG,Oregon State,4,FA,44,67,15,62,15,63,35,35,43,48,20,28,37,68,50,50,0,0,0,0,0,0,0
Primoz,Brezec,85,252,24,PF,Slovenia,3,FA,53,45,5,45,11,41,53,14,52,40,55,44,47,54,69,50,0,0,0,0,0,0,0
Maurice,Carter,77,210,27,SG,Louisiana State,1,FA,35,84,17,37,12,67,29,41,39,42,10,10,19,62,41,50,0,0,0,0,0,0,0
Omar,Cook,73,190,21,PG,St. John's (N.Y.),1,FA,52,45,5,66,27,69,23,70,57,70,7,13,20,48,35,50,0,0,0,0,0,0,0
Melvin,Ely,82,261,25,PF,Fresno State,2,FA,51,52,5,57,19,42,51,17,54,46,56,63,47,54,70,50,0,0,0,0,0,0,0
Jason,Hart,75,185,25,PG,Syracuse,3,FA,42,69,5,75,37,73,31,57,55,66,13,13,38,54,44,50,0,0,0,0,0,0,0
Eddie,House,73,175,25,SG,Arizona State,4,FA,37,72,71,63,41,70,31,75,60,74,12,19,36,59,47,50,0,0,0,0,0,0,0
Brandon,Hunter,79,260,22,PF,Ohio U.,1,FA,56,36,5,52,16,43,53,31,37,53,33,67,58,54,76,50,0,0,0,0,0,0,0
Jason,Kapono,80,213,22,SF,UCLA,1,FA,38,75,57,51,13,58,39,41,45,56,21,33,38,57,54,50,0,0,0,0,0,0,0
Brevin,Knight,70,170,27,PG,Stanford,7,FA,52,45,5,45,29,72,26,80,50,54,16,8,20,50,33,50,0,0,0,0,0,0,0
Emeka,Okafor,82,252,21,C,Connecticut,0,FA,75,44,5,38,21,48,71,28,64,41,70,73,66,68,93,99,0,0,0,0,0,0,0
Bernard,Robinson,78,210,22,SG,Michigan,0,FA,43,59,31,54,40,67,26,47,39,47,12,31,29,72,54,55,0,0,0,0,0,0,0
Jamal,Sampson,83,235,20,PF,California,2,FA,54,50,5,57,12,40,61,23,51,45,52,71,60,54,73,50,0,0,0,0,0,0,0
Tamar,Slay,80,215,23,SG,Marshall,2,FA,51,42,24,54,17,62,33,50,51,59,15,23,28,66,47,50,0,0,0,0,0,0,0
Theron,Smith,80,225,23,SF,Ball State,1,FA,40,45,36,45,11,55,49,39,49,54,37,34,42,60,58,50,0,0,0,0,0,0,0
Gerald,Wallace,79,215,21,SF,Alabama,3,FA,42,38,5,70,18,55,49,46,58,61,52,45,39,64,56,50,0,0,0,0,0,0,0
Jahidi,White,81,290,27,C,Georgetown,6,FA,40,45,5,30,5,32,59,25,61,34,63,33,32,39,72,50,0,0,0,0,0,0,0
Tyson,Chandler,85,235,21,PF,Dominguez HS (CA),3,Bulls,55,59,5,50,16,40,69,23,61,49,64,67,77,64,82,70,4801102,0,0,0,0,0,0
Eddy,Curry,83,285,20,C,Thornwood HS (IL),3,Bulls,76,59,16,29,25,47,56,5,55,33,61,48,53,63,81,70,3896402,0,0,0,0,0,0
Antonio,Davis,81,230,35,PF,Texas-El Paso,11,Bulls,54,68,5,53,15,42,60,24,46,44,46,61,63,54,73,45,12000000,13000000,0,0,0,0,0
Luol,Deng,80,220,18,SF,Duke,0,Bulls,49,63,61,43,32,65,49,50,46,49,39,42,46,71,67,94,2273400,2443920,2614440,3320338,0,0,0
Chris,Duhon,73,185,21,PG,Duke,0,FA,47,54,42,84,55,78,20,49,40,49,7,14,25,56,45,55,0,0,0,0,0,0,0
Kendall,Gill,77,216,35,SG,Illinois,14,FA,52,66,25,51,30,67,40,67,58,68,21,30,36,70,51,45,0,0,0,0,0,0,0
Ben,Gordon,75,200,20,SG,Connecticut,0,Bulls,54,75,81,55,52,80,25,45,42,51,10,26,33,74,52,98,3358320,3610200,3862080,4881669,0,0,0
Adrian,Griffin,77,230,29,SF,Seton Hall,5,FA,40,45,8,80,15,52,42,47,52,61,29,22,40,57,58,50,0,0,0,0,0,0,0
Othella,Harrington,81,235,29,PF,Georgetown,8,Bulls,54,66,5,40,17,43,49,24,46,43,47,50,54,54,70,50,3150000,0,0,0,0,0,0
Kirk,Hinrich,75,190,22,PG,Kansas,1,Bulls,42,72,80,60,76,75,26,47,53,62,16,12,33,54,42,80,2255880,2413320,3064916,0,0,0,0
Chris,Jefferies,80,230,23,SF,Fresno State,2,Bulls,43,45,21,43,19,69,40,42,37,40,17,17,26,54,51,50,899040,1621868,0,0,0,0,0
Andres,Nocioni,79,225,23,SF,Argentina,0,FA,40,40,30,35,15,50,25,35,30,25,15,30,30,60,50,55,0,0,0,0,0,0,0
Jannero,Pargo,73,175,24,PG,Arkansas,2,Bulls,51,45,16,43,27,74,26,58,48,58,7,9,27,47,37,50,550000,0,0,0,0,0,0
Eric,Piatkowski,79,215,33,SF,Nebraska,10,Bulls,35,80,67,54,18,57,44,47,45,52,24,20,40,54,57,50,2704350,2950200,0,0,0,0,0
Scottie,Pippen,80,228,38,SF,Central Arkansas,17,Bulls,42,55,41,55,27,57,48,53,56,65,36,34,44,61,60,45,5408700,0,0,0,0,0,0
Eddie,Robinson,81,210,27,SF,Central Oklahoma,5,Bulls,52,57,5,57,27,57,42,56,48,58,25,25,35,55,53,50,6767540,7288120,0,0,0,0,0
Cezary,Trybanski,86,240,24,C,None,2,Bulls,40,45,5,30,5,31,60,12,58,34,59,33,35,39,64,50,1760000,0,0,0,0,0,0
Mike,Wilks,71,180,24,PG,Rice,2,Bulls,41,75,19,72,21,78,26,52,45,54,7,13,26,52,37,50,720046,-1,-1,0,0,0,0
Frank,Williams,75,212,23,PG,Illinois,2,Bulls,38,77,45,53,46,73,29,52,52,62,14,11,27,55,41,50,957480,1724441,0,0,0,0,0
Ruben,Boumtje Boumtje,84,257,25,C,Georgetown,3,FA,42,45,5,59,10,35,57,14,54,34,54,33,34,40,66,50,0,0,0,0,0,0,0
DeSagana,Diop,84,300,21,C,Oak Hill Academy HS (VA),3,Cavaliers,45,52,5,58,20,34,59,31,71,55,75,69,65,41,91,60,2695164,0,0,0,0,0,0
Drew,Gooden,82,242,22,PF,Kansas,2,Cavaliers,69,56,21,47,30,48,63,34,56,54,57,55,62,61,75,75,3214080,4065811,0,0,0,0,0
Zydrunas,Ilgauskas,87,260,28,C,Lithuania,6,Cavaliers,74,67,5,44,31,45,64,11,73,38,82,80,55,66,77,50,14625000,0,0,0,0,0,0
Luke,Jackson,79,215,21,SF,Oregon,0,Cavaliers,52,72,71,51,41,72,38,43,34,43,15,28,46,78,69,91,1818720,1955160,2091480,2666637,3631959,0,0
LeBron,James,80,240,18,SG,St. Vincent-St. Mary HS (OH),1,Cavaliers,69,67,58,36,64,71,57,69,61,67,37,25,43,85,57,90,4320360,4621800,5828089,0,0,0,0
Jeff,McInnis,76,179,29,PG,North Carolina,7,Cavaliers,60,68,38,80,49,77,25,55,47,56,6,12,27,50,38,50,3600000,0,0,0,0,0,0
Lee,Nailon,81,238,28,PF,Texas Christian,4,FA,55,76,5,45,18,47,51,27,51,54,51,55,50,52,69,50,0,0,0,0,0,0,0
Ira,Newble,79,220,28,SF,Miami (Ohio),4,Cavaliers,40,70,5,58,27,51,40,31,45,49,32,39,34,56,54,50,2704350,2950200,3196050,3441900,0,0,0
Aleksandar,Pavlovic,79,210,19,SF,Serbia-Montenegro,1,Cavaliers,39,69,38,49,26,58,34,46,51,60,30,32,42,60,57,65,1191000,1274160,1962206,0,0,0,0
Eric,Snow,75,204,30,PG,Michigan State,9,Cavaliers,48,72,5,70,76,69,27,56,47,58,5,17,30,57,42,50,4875000,5480000,6090000,6700000,7310000,0,0
Robert,Traylor,80,284,26,PF,Michigan,6,Cavaliers,58,47,6,45,20,44,53,42,58,61,58,71,61,61,82,50,1600000,1760000,0,0,0,0,0
Anderson,Varejao,82,230,21,PF,Brazil,0,Cavaliers,60,52,11,46,11,45,43,36,42,49,40,46,44,61,69,55,475000,525000,0,0,0,0,0
Dajuan,Wagner,74,200,20,SG,Memphis,2,Cavaliers,40,60,65,53,27,70,28,45,53,62,20,14,30,66,46,75,2643600,3352084,0,0,0,0,0
Tariq,Abdul-Wahad,78,235,29,SF,San Jose State,6,Mavericks,51,45,5,73,17,56,42,60,47,54,29,37,43,57,61,50,6750000,7312500,7875000,0,0,0,0
Travis,Best,71,185,31,PG,Georgia Tech,9,FA,37,79,7,84,42,74,24,56,54,65,11,17,28,53,39,50,0,0,0,0,0,0,0
Calvin,Booth,83,231,27,C,Penn State,5,Mavericks,51,72,5,54,15,39,62,12,71,40,79,56,61,47,76,50,5900700,6354600,6808500,0,0,0,0
Shawn,Bradley,90,275,31,C,Brigham Young,11,Mavericks,45,76,5,63,14,35,57,39,75,60,80,67,55,46,81,45,4000000,4500000,0,0,0,0,0
Erick,Dampier,83,265,29,C,Mississippi State,8,Mavericks,56,57,5,46,22,42,79,13,66,36,73,100,84,54,95,55,7000000,7875000,8750000,9625000,10500000,11375000,12250000
Marquis,Daniels,78,200,22,PG,Auburn,1,Mavericks,53,69,32,69,38,70,37,75,60,72,22,42,32,67,47,65,4900000,5390000,5880000,6370000,6860000,7350000,0
Dan,Dickau,72,190,25,PG,Gonzaga,2,Mavericks,56,45,14,55,22,77,23,56,55,67,7,14,26,50,38,50,893400,1612587,0,0,0,0,0
Evan,Eschmeyer,83,250,28,C,Northwestern,4,Mavericks,46,45,5,71,18,35,66,41,67,61,68,62,57,43,77,50,3103800,3407600,0,0,0,0,0
Michael,Finley,79,225,30,SG,Wisconsin,9,Mavericks,66,77,85,75,43,65,48,54,47,55,28,22,36,58,56,50,14609375,15937500,0,0,0,0,0
Devin,Harris,75,185,20,PG,Wisconsin,0,Mavericks,54,71,70,53,44,81,24,50,46,55,10,20,32,84,50,96,2741880,2947440,3153120,3995003,0,0,0
Alan,Henderson,81,240,30,PF,Indiana,9,Mavericks,56,45,5,53,9,43,65,38,50,45,52,67,52,54,70,50,8273125,0,0,0,0,0,0
Josh,Howard,79,210,23,SF,Wake Forest,1,Mavericks,46,62,42,60,32,59,50,49,63,67,54,67,54,67,63,60,823640,873880,1577353,0,0,0,0
Didier,Ilunga-Mbenga,84,220,22,C,N/A,0,FA,40,50,5,40,15,40,40,15,40,25,70,40,40,40,70,55,0,0,0,0,0,0,0
Dirk,Nowitzki,84,245,25,PF,Germany,6,Mavericks,81,80,70,60,42,53,81,49,58,57,59,22,74,65,82,60,12584688,13843157,15101626,16360095,0,0,0
Pavel,Podkolzine,89,260,18,C,Russia,0,Mavericks,45,40,5,35,20,30,50,15,55,25,70,55,55,25,85,75,1061880,1141560,1221240,1945435,0,0,0
Jerry,Stackhouse,78,218,29,SG,North Carolina,9,Mavericks,47,73,67,29,37,69,39,57,50,58,14,18,38,71,52,50,7000000,7500000,8000000,0,0,0,0
Jason,Terry,74,180,26,PG,Arizona,5,Mavericks,52,75,73,55,63,88,32,69,55,66,11,13,39,56,44,60,7200000,7500000,0,0,0,0,0
Scott,Williams,82,260,35,C,North Carolina,14,FA,59,61,16,60,10,42,57,43,61,62,61,61,63,43,82,45,0,0,0,0,0,0,0
Carmelo,Anthony,80,220,19,SF,Syracuse,1,Nuggets,69,70,64,34,43,70,43,46,48,57,27,49,43,80,59,88,3471360,3713640,4694040,0,0,0,0
Jon,Barry,77,210,34,SG,Georgia Tech,12,FA,35,77,70,68,43,64,37,73,60,72,17,19,35,64,50,45,0,0,0,0,0,0,0
Ryan,Bowen,81,220,27,PF,Iowa,5,FA,43,75,5,77,16,38,52,39,57,59,57,51,45,50,62,50,0,0,0,0,0,0,0
Earl,Boykins,65,133,27,PG,Eastern Michigan,6,Nuggets,45,80,61,74,56,98,18,58,45,55,5,18,24,53,31,50,3000000,3300000,3600000,3900000,0,0,0
Marcus,Camby,83,225,29,C,Massachusetts,8,Nuggets,57,64,5,59,39,39,79,42,82,65,86,71,88,43,89,50,6500000,7150000,7800000,8000000,8000000,7650000,0
Francisco,Elson,84,235,27,C,California,1,Nuggets,50,59,5,56,17,38,54,39,67,58,69,59,61,43,76,50,620046,-1,0,0,0,0,0
Voshon,Lenard,76,205,30,SG,Minnesota,9,Nuggets,54,71,75,60,41,72,27,39,44,52,11,16,28,64,45,50,3000000,3250000,0,0,0,0,0
Kenyon,Martin,81,234,25,PF,Cincinnati,4,Nuggets,82,60,13,42,42,51,68,47,61,67,59,43,80,62,84,65,11000000,10687500,11875000,13062500,14250000,15437500,16625000
Andre,Miller,74,200,27,PG,Utah,5,Nuggets,69,75,24,58,72,84,34,75,64,75,18,36,34,70,44,50,5760000,-1,-1,-1,-1,-1,-1
Nenê,Hilario,83,260,21,PF,Brazil,2,Nuggets,64,60,5,42,41,41,49,47,40,71,33,45,52,52,76,70,2413320,3064916,4110052,0,0,0,0
Mark,Pope,82,235,31,PF,Kentucky,5,FA,50,45,5,29,5,38,41,36,39,42,31,27,34,46,59,50,0,0,0,0,0,0,0
Nikoloz,Tskitishvili,84,225,20,SF,Georgia (Europe),2,Nuggets,46,71,13,49,13,43,51,19,51,47,52,46,46,55,64,75,2910600,3687730,0,0,0,0,0
Rodney,White,81,230,23,PF,North Carolina-Charlotte,3,FA,56,67,57,42,25,51,52,32,51,55,50,41,51,56,67,50,0,0,0,0,0,0,0
Chauncey,Billups,75,202,27,PG,Colorado,7,Pistons,47,80,80,62,68,87,31,54,46,55,6,10,36,73,45,50,5455200,5909800,6364400,6819000,0,0,0
Elden,Campbell,84,279,35,C,Clemson,14,Pistons,53,61,5,45,21,41,58,23,67,48,72,52,65,53,87,45,4400000,0,0,0,0,0,0
Derrick,Coleman,82,270,36,PF,Syracuse,14,Pistons,57,67,27,46,23,42,64,29,54,52,55,45,62,54,80,45,4500000,5000000,0,0,0,0,0
Carlos,Delfino,78,230,21,SG,Argentina,0,Pistons,43,59,57,56,19,64,37,51,45,52,15,17,40,69,60,50,901920,969600,1037280,1868141,0,0,0
Ronald,Dupree,79,209,22,SF,Louisiana State,1,Pistons,48,55,7,51,25,59,42,38,53,60,37,43,49,66,60,50,620046,-1,0,0,0,0,0
Tremaine,Fowlkes,78,212,27,SF,Fresno State,3,FA,39,64,5,56,18,53,40,37,48,58,27,36,41,59,56,50,0,0,0,0,0,0,0
Darvin,Ham,79,240,30,SF,Texas Tech,7,Pistons,43,52,8,46,13,52,40,32,47,54,32,43,36,60,57,50,932546,0,0,0,0,0,0
Richard,Hamilton,79,193,25,SG,Connecticut,5,Pistons,63,79,37,45,52,73,28,53,52,62,12,23,30,71,44,60,7312500,8125000,8937500,9750000,10562500,11375000,0
Lindsey,Hunter,74,195,32,PG,Jackson State,11,Pistons,49,45,38,70,38,68,32,76,62,76,15,16,32,50,42,45,1100000,0,0,0,0,0,0
Amal,McCaskill,83,235,30,C,Marquette,4,Pistons,45,62,5,55,16,36,53,23,60,44,64,59,56,42,73,50,922000,-1,-1,0,0,0,0
Antonio,McDyess,81,245,29,PF,Alabama,8,Pistons,63,50,5,48,16,44,60,27,52,51,52,51,64,54,77,50,5000000,5500000,6000000,6500000,7000000,0,0
Darko,Milicic,84,245,18,PF,Serbia-Montenegro,1,Pistons,47,50,5,46,11,41,58,27,65,55,67,44,52,60,70,90,3865440,4135200,5218622,0,0,0,0
Rickey,Paulding,77,218,21,SG,Missouri,0,FA,45,60,50,54,28,72,26,35,32,36,14,15,27,77,54,55,0,0,0,0,0,0,0
Tayshaun,Prince,81,215,23,SF,Kentucky,2,Pistons,43,69,65,62,42,54,57,45,49,48,50,28,45,59,59,70,1038960,1763115,0,0,0,0,0
Ben,Wallace,81,240,29,C,Virginia Union,8,Pistons,57,41,5,60,32,37,92,69,81,72,83,77,83,49,90,50,6000000,6500000,0,0,0,0,0
Rasheed,Wallace,83,230,29,PF,North Carolina,9,Pistons,66,66,70,55,34,48,62,29,59,47,62,35,52,57,68,50,9120000,10260000,11400000,12540000,13680000,0,0
Andris,Biedrins,83,240,17,C,Latvia,0,Warriors,68,44,6,39,19,48,53,22,47,35,49,38,57,65,87,90,1329000,1428720,1528440,2028239,0,0,0
Calbert,Cheaney,79,217,32,SF,Indiana,11,Warriors,49,53,5,63,41,53,32,37,41,54,12,30,36,49,54,45,1100000,0,0,0,0,0,0
Speedy,Claxton,71,170,25,PG,Hofstra,3,Warriors,63,73,9,66,58,85,23,67,65,79,11,18,30,64,39,50,3300000,3600000,0,0,0,0,0
Dale,Davis,83,252,34,C,Clemson,13,Warriors,49,53,5,69,25,34,61,24,60,50,62,68,55,42,78,45,9000000,0,0,0,0,0,0
Mike,Dunleavy,81,230,23,SF,Duke,2,Warriors,44,66,75,53,48,57,52,48,41,54,11,30,62,57,71,80,3565080,4506261,0,0,0,0,0
Derek,Fisher,73,205,29,PG,Arkansas-Little Rock,8,Warriors,41,72,55,74,42,76,27,77,63,78,6,14,29,54,41,50,4900000,5390000,5880000,6370000,6860000,7350000,0
Luis,Flores,74,195,22,SG,Manhattan,0,Warriors,55,66,55,41,22,85,20,46,38,46,8,20,22,86,47,55,385277,-1,0,0,0,0,0
Adonal,Foyle,82,265,28,C,Colgate,7,Warriors,50,46,5,55,15,37,67,9,69,38,77,67,70,45,87,50,6500000,7410000,8320000,9230000,10140000,10500000,0
Avery,Johnson,71,185,38,PG,Southern University,16,FA,55,59,5,58,47,80,24,68,54,65,10,8,24,60,37,45,0,0,0,0,0,0,0
Troy,Murphy,83,245,23,PF,Notre Dame,3,Warriors,64,67,23,47,17,47,66,24,52,47,53,56,69,60,79,70,2231808,0,0,0,0,0,0
Eduardo,Najera,80,235,27,PF,Oklahoma,4,Warriors,48,57,8,55,17,42,51,43,55,65,53,62,51,52,68,50,3809525,4190477,4571430,4952382,0,0,0
Mickael,Pietrus,78,210,21,SF,France,1,Warriors,40,61,60,49,18,60,37,45,54,64,33,44,41,64,56,65,1785960,1910520,2535260,0,0,0,0
Jason,Richardson,78,225,22,SG,Michigan State,3,Warriors,66,60,58,47,43,72,53,52,49,54,28,34,56,78,63,70,3534018,0,0,0,0,0,0
Clifford,Robinson,82,240,36,PF,Connecticut,15,Warriors,53,63,73,53,48,43,50,30,50,49,51,14,35,48,61,45,5280000,0,0,0,0,0,0
Reece,Gaines,78,205,22,SG,Louisville,1,Rockets,42,56,10,64,26,59,35,56,48,57,15,16,28,65,45,50,1212200,1296800,1987994,0,0,0,0
Juwan,Howard,81,230,30,PF,Michigan,10,Rockets,83,73,5,47,36,51,44,21,21,43,15,43,51,59,67,50,5408700,5900400,6392100,6883800,7375500,0,0
Jim,Jackson,78,220,33,SF,Ohio State,12,FA,50,76,84,53,42,56,49,46,41,53,15,13,57,50,67,45,0,0,0,0,0,0,0
Mark,Jackson,75,195,38,PG,St. John's (N.Y.),17,FA,39,64,19,55,51,67,32,57,49,58,7,14,37,52,45,45,0,0,0,0,0,0,0
Tyronn,Lue,72,178,26,PG,Nebraska,6,Rockets,42,69,77,73,60,79,21,39,42,51,5,9,28,47,38,50,1650000,0,0,0,0,0,0
Tracy,McGrady,80,210,24,SG,Mount Zion Christian Acad. HS,7,Rockets,76,72,75,54,61,82,54,63,54,60,31,28,47,91,56,60,14487000,0,0,0,0,0,0
Dikembe,Mutombo,86,265,37,C,Georgetown,13,Rockets,52,60,5,53,13,35,71,12,70,38,78,69,70,47,87,45,4496000,-1,0,0,0,0,0
Bostjan,Nachbar,81,221,23,SF,Slovenia,2,Rockets,36,64,58,57,24,55,45,31,52,55,44,21,47,61,62,50,1493880,2290118,0,0,0,0,0
Scott,Padgett,81,240,27,PF,Kentucky,5,Rockets,42,67,65,56,19,45,56,21,51,49,52,49,52,51,70,50,800000,0,0,0,0,0,0
Bob,Sura,77,200,30,SG,Florida State,9,Rockets,42,62,26,62,36,64,35,56,60,71,22,28,39,71,51,50,3000000,3500000,4000000,4500000,0,0,0
Maurice,Taylor,81,255,27,PF,Michigan,6,Rockets,71,66,5,41,35,47,47,17,45,45,45,46,45,51,69,50,8450000,9100000,9750000,0,0,0,0
Charlie,Ward,74,185,33,PG,Florida State,10,Rockets,39,68,87,59,51,79,31,65,61,75,15,12,37,51,44,50,2000000,2400000,2800000,0,0,0,0
Clarence,Weatherspoon,79,270,33,PF,Southern Mississippi,12,Rockets,47,87,5,60,13,41,56,31,44,52,42,46,54,52,75,45,5899400,6353200,0,0,0,0,0
Yao,Ming,90,310,23,C,China,2,Rockets,81,73,5,37,32,44,72,5,65,30,73,53,74,64,98,80,4436880,5594907,0,0,0,0,0
Kenny,Anderson,73,168,33,PG,Georgia Tech,13,FA,57,65,5,68,40,78,24,49,49,58,11,16,29,52,38,45,0,0,0,0,0,0,0
Ron,Artest,79,246,23,SF,St. John's,5,Pacers,65,65,63,45,49,65,52,73,66,79,37,29,43,81,62,60,5850000,6500000,7150000,7800000,8450000,0,0
Jonathan,Bender,84,219,22,SF,Picayune HS (MS),5,Pacers,44,75,37,27,13,60,54,34,51,50,51,29,44,72,58,50,6390000,7100000,7810000,0,0,0,0
Austin,Croshere,82,242,28,PF,Providence,7,Pacers,40,81,70,52,24,44,59,26,42,49,41,45,63,55,76,50,8260000,0,0,0,0,0,0
Jeff,Foster,83,242,26,C,Southwest Texas State,5,Pacers,54,59,5,61,21,37,59,35,46,58,43,87,68,43,82,50,4275000,4750000,5225000,5700000,6175000,0,0
Eddie,Gill,72,190,25,SG,Weber State,3,Pacers,38,77,12,54,18,68,31,65,54,64,16,17,28,68,43,50,720046,-1,0,0,0,0,0
David,Harrison,84,250,21,C,Colorado,0,Pacers,60,39,5,45,14,47,46,14,44,27,48,38,49,67,87,59,642720,690960,739080,1334039,0,0,0
Stephen,Jackson,80,218,25,SF,Oak Hill (VA),4,Pacers,65,70,71,42,45,66,39,71,55,73,14,26,38,61,55,50,4900000,5390000,5880000,6370000,6860000,7350000,0
Anthony,Johnson,75,190,29,PG,Charleston (SC),7,Pacers,40,72,57,76,47,72,25,55,54,65,10,14,27,52,38,50,2450000,2695000,2940000,3185000,0,0,0
Fred,Jones,74,218,24,SG,Oregon,2,Pacers,33,75,46,65,44,60,33,56,58,67,23,15,28,71,47,50,1572480,2328842,0,0,0,0,0
James,Jones,80,215,23,SF,Miami (Fla.),1,Pacers,39,45,13,48,5,56,38,55,40,45,17,17,25,53,48,50,620046,0,0,0,0,0,0
Reggie,Miller,79,195,38,SG,UCLA,17,Pacers,39,80,83,87,52,63,34,55,45,54,10,6,31,61,46,45,5625000,6250000,0,0,0,0,0
Jermaine,O'Neal,83,242,25,PF,Eau Claire HS (SC),8,Pacers,92,68,5,46,38,53,76,25,72,45,79,50,78,79,84,65,14782500,16425000,18067500,19710000,21352500,22995000,0
Scot,Pollard,83,265,28,C,Kansas,7,Pacers,45,49,5,53,11,34,53,32,64,54,67,69,58,41,81,50,5792250,6274937,0,0,0,0,0
Jamaal,Tinsley,75,195,25,PG,Iowa State,3,Pacers,40,65,76,62,61,74,29,65,65,78,19,16,31,55,42,60,1554326,0,0,0,0,0,0
Rashad,Wright,74,190,21,SG,Georgia,0,Pacers,44,52,61,52,29,74,20,41,39,46,16,13,21,77,45,55,385277,-1,0,0,0,0,0
Matt,Barnes,79,235,23,SF,UCLA,1,FA,45,62,7,50,26,54,44,44,49,61,21,49,51,60,66,50,0,0,0,0,0,0,0
Elton,Brand,80,265,24,PF,Duke,5,Clippers,87,69,5,45,45,52,70,28,68,49,73,73,62,78,79,60,12056000,13152000,14248000,15344000,16440000,0,0
Lionel,Chalmers,72,180,22,SG,Xavier (Ohio),0,Clippers,46,53,63,57,35,80,17,38,31,37,5,14,21,70,45,55,385277,0,0,0,0,0,0
Marko,Jaric,77,217,25,SG,Serbia-Montenegro,2,Clippers,38,65,68,59,55,60,37,73,64,75,22,20,31,65,48,50,2100000,0,0,0,0,0,0
Chris,Kaman,84,268,21,C,Central Michigan,1,Clippers,54,62,5,35,26,37,63,9,59,37,64,53,67,44,87,70,2574240,2753760,3491767,0,0,0,0
Kerry,Kittles,77,180,29,SG,Villanova,7,Clippers,50,71,72,71,42,68,40,74,61,69,28,16,39,63,48,50,10266667,0,0,0,0,0,0
Shaun,Livingston,79,175,18,PG,Peoria Central HS (IL),0,Clippers,45,65,50,50,60,80,20,45,40,50,20,15,25,75,35,100,3027840,3254880,3481920,4404628,0,0,0
Corey,Maggette,78,228,23,SF,Duke,5,Clippers,64,77,67,39,45,71,41,32,38,50,12,29,52,80,64,60,6160000,6720000,7280000,7840000,8400000,0,0
Mikki,Moore,84,225,28,C,Nebraska,6,Clippers,42,45,5,49,5,37,56,13,52,34,51,38,35,38,60,50,870046,0,0,0,0,0,0
Mamadou,N'diaye,84,255,28,C,Auburn,4,Clippers,40,45,5,32,5,32,61,9,61,34,63,33,36,39,68,50,650000,0,0,0,0,0,0
Doug,Overton,75,190,34,PG,La Salle,11,FA,52,45,5,57,27,75,21,48,44,49,6,8,16,47,33,45,0,0,0,0,0,0,0
Zeljko,Rebraca,84,257,31,C,Serbia-Montenegro,3,Clippers,48,71,5,48,7,38,54,22,61,44,65,58,54,48,77,50,550000,650000,0,0,0,0,0
Bobby,Simmons,78,235,23,SF,DePaul,3,Clippers,44,75,8,55,30,57,40,40,51,61,28,57,44,66,62,50,650000,0,0,0,0,0,0
Chris,Wilcox,82,229,21,PF,Maryland,2,Clippers,68,62,5,46,21,47,47,28,44,48,43,64,53,56,68,50,2210880,2812239,0,0,0,0,0
Chucky,Atkins,71,160,29,PG,South Florida,5,Lakers,40,64,66,61,38,82,20,47,47,56,7,10,26,51,36,50,4200000,4500000,0,0,0,0,0
Tony,Bobbitt,76,190,24,SG,Cincinnati,0,Lakers,43,65,62,59,28,78,19,36,38,47,8,11,30,64,53,55,385277,500000,0,0,0,0,0
Kobe,Bryant,78,220,25,SG,Lower Merion (PA),8,Lakers,68,77,67,52,60,80,44,70,61,71,23,34,43,90,55,65,14175000,15946875,17718750,19490625,21262500,23034375,24806250
Caron,Butler,79,217,23,SF,Connecticut,2,Lakers,45,68,25,60,40,54,39,51,47,62,13,36,47,58,60,75,1920560,2448714,0,0,0,0,0
Brian,Cook,81,234,22,PF,Illinois,1,Lakers,54,67,5,58,16,44,54,30,55,55,55,50,56,53,71,50,809300,865800,1514284,0,0,0,0
Vlade,Divac,85,260,35,C,Serbia-Montenegro,15,Lakers,61,57,5,54,75,39,60,24,55,50,57,43,52,48,76,45,4900000,5390000,0,0,0,0,0
Marcus,Douthit,83,233,23,PF,Providence,0,FA,42,59,5,52,26,41,41,32,45,40,46,26,38,62,72,55,0,0,0,0,0,0,0
Devean,George,80,240,26,SF,Augsburg,5,Lakers,40,68,66,57,31,55,49,49,57,65,38,35,50,58,65,50,4500000,4950000,0,0,0,0,0
Brian,Grant,81,254,31,PF,Xavier (Ohio),10,Lakers,58,70,5,59,24,40,50,20,34,47,30,55,56,44,75,50,13346250,14458438,15570625,0,0,0,0
Horace,Grant,82,245,38,PF,Clemson,17,FA,49,64,5,72,29,38,60,31,48,48,47,52,54,49,71,45,0,0,0,0,0,0,0
Jumaine,Jones,80,218,24,SF,Georgia,5,Lakers,38,53,35,51,14,55,43,36,51,56,38,34,39,61,56,50,1687500,1875000,0,0,0,0,0
Karl,Malone,81,259,40,PF,Louisiana Tech,19,FA,67,67,5,50,39,46,66,40,45,59,42,39,76,63,85,45,0,0,0,0,0,0,0
Stanislav,Medvedenko,82,250,24,PF,Ukraine,4,FA,63,69,5,56,21,45,49,23,42,52,40,68,53,52,72,50,0,0,0,0,0,0,0
Chris,Mihm,84,265,24,C,Texas,4,Lakers,56,63,5,46,11,40,63,22,66,46,71,72,72,50,88,50,3375000,3796875,4218750,0,0,0,0
Lamar,Odom,82,225,23,PF,Rhode Island,5,Lakers,70,66,60,42,52,50,67,34,48,53,47,39,76,71,81,60,10465000,11465500,12489000,13524000,14559000,0,0
Kareem,Rush,78,215,23,SG,Missouri,2,Lakers,44,52,63,59,24,65,35,41,50,54,27,15,28,65,47,50,1172446,1810616,0,0,0,0,0
Bryon,Russell,79,225,32,SF,Long Beach State,11,FA,37,69,65,63,27,57,42,39,50,59,29,30,48,60,62,45,0,0,0,0,0,0,0
Sasha,Vujacic,79,193,19,SG,Slovenia,0,Lakers,43,64,47,50,27,71,21,47,40,49,8,16,23,75,47,63,846840,910440,973920,1756951,0,0,0
Luke,Walton,80,235,23,SF,Arizona,1,Lakers,38,62,32,62,41,53,44,46,51,62,28,39,48,59,64,60,620046,0,0,0,0,0,0
Shane,Battier,80,220,25,SF,Duke,3,Grizzlies,41,65,66,67,29,57,49,58,67,73,52,40,43,66,59,65,3212402,-1,-1,-1,-1,-1,-1
Troy,Bell,73,180,22,SG,Boston College,1,Grizzlies,49,45,5,34,19,69,21,41,42,45,10,15,18,59,36,50,1381920,1478280,2267681,0,0,0,0
Antonio,Burks,72,195,23,PG,Memphis,0,Grizzlies,55,47,59,64,46,90,19,47,40,50,8,12,21,61,42,55,385277,-1,0,0,0,0,0
Brian,Cardinal,80,245,26,PF,Purdue,4,Grizzlies,53,80,75,55,33,49,45,40,38,63,32,46,51,69,70,50,5000000,5500000,6000000,6500000,7000000,7500000,7500000
Andre,Emmett,77,230,21,SG,Texas Tech,0,Grizzlies,58,55,32,50,24,74,29,37,31,36,10,24,29,85,57,55,385277,0,0,0,0,0,0
Pau,Gasol,84,240,23,PF,Spain,3,Grizzlies,89,63,6,41,44,52,68,26,65,41,71,61,59,78,74,70,4318481,0,0,0,0,0,0
Ryan,Humphrey,80,235,24,PF,Notre Dame,2,Grizzlies,46,45,5,34,16,41,42,53,40,47,31,37,32,45,58,50,1223160,1883666,0,0,0,0,0
Dahntay,Jones,78,210,22,SG,Duke,1,Grizzlies,51,37,5,51,16,62,40,43,52,56,35,20,30,72,47,50,1143360,1223160,1886112,0,0,0,0
Sergei,Lishouk,83,232,21,PF,Ukraine,0,FA,49,59,39,48,11,48,41,31,40,38,40,32,42,74,74,55,0,0,0,0,0,0,0
Mike,Miller,80,218,23,SG,Florida,4,Grizzlies,42,64,76,59,48,65,37,46,50,59,17,19,39,66,53,60,7000000,7500000,8000000,8500000,9000000,9500000,10000000
Bo,Outlaw,80,220,32,SF,Houston,11,Grizzlies,46,45,5,59,30,51,52,50,66,68,61,57,53,68,65,45,5355000,0,0,0,0,0,0
James,Posey,80,215,26,SF,Xavier (Ohio),5,Grizzlies,49,75,79,57,34,64,44,59,65,79,33,30,52,71,63,50,5408700,5900400,6392100,0,0,0,0
Stromile,Swift,81,230,23,PF,Louisiana State,4,FA,71,65,5,45,18,50,59,37,74,60,77,64,58,78,71,65,0,0,0,0,0,0,0
Jake,Tsakalidis,86,290,24,C,Greece,4,FA,53,51,5,53,16,37,60,19,63,43,68,56,64,50,89,50,0,0,0,0,0,0,0
Earl,Watson,73,190,24,PG,UCLA,3,Grizzlies,48,57,39,58,72,73,28,61,65,76,20,22,31,60,41,50,1475000,0,0,0,0,0,0
Bonzi,Wells,77,210,27,SG,Ball State,6,Grizzlies,54,70,6,48,23,67,34,57,56,65,16,29,35,65,50,55,7700000,8000000,0,0,0,0,0
Jason,Williams,73,190,27,PG,Florida,6,Grizzlies,44,76,69,78,86,79,25,73,56,68,5,9,24,46,37,60,6875000,7562500,8250000,8937500,0,0,0
Lorenzen,Wright,83,240,28,C,Memphis,8,Grizzlies,60,65,5,55,25,42,60,22,59,51,61,63,66,44,81,50,7150000,7700000,0,0,0,0,0
Malik,Allen,82,255,25,PF,Villanova,3,Heat,52,68,5,51,15,42,54,19,58,47,60,51,51,52,72,50,720046,0,0,0,0,0,0
Jerome,Beasley,81,237,23,PF,North Dakota,1,Heat,47,45,5,48,5,44,49,35,37,36,31,27,35,45,60,50,500000,0,0,0,0,0,0
Rasual,Butler,79,205,24,SF,La Salle,2,Heat,40,68,88,53,17,63,41,27,45,47,36,16,39,57,55,50,1200000,1350000,0,0,0,0,0
Bimbo,Coles,74,182,35,PG,Virginia Tech,14,FA,55,45,5,64,19,71,21,39,44,54,7,11,22,49,36,45,0,0,0,0,0,0,0
Michael,Doleac,83,262,26,C,Utah,6,Heat,47,78,5,51,19,40,64,17,65,49,69,64,68,43,86,50,1500000,1750000,2000000,2250000,0,0,0
Keyon,Dooling,75,190,23,PG,Missouri,4,Heat,44,75,18,64,40,75,23,54,54,64,11,13,25,56,37,60,745046,-1,0,0,0,0,0
Matt,Freije,82,249,22,PF,Vanderbilt,0,Heat,55,60,52,39,15,52,40,24,31,30,31,26,35,72,73,55,385277,-1,0,0,0,0,0
Udonis,Haslem,80,228,23,PF,Florida,1,Heat,58,69,5,54,19,43,50,20,36,44,34,72,59,54,71,65,620046,0,0,0,0,0,0
Damon,Jones,75,185,27,PG,Houston,6,Heat,38,68,73,89,87,71,29,40,31,38,5,6,31,44,41,50,750000,900000,0,0,0,0,0
Eddie,Jones,78,200,32,SG,Temple,10,Heat,60,75,78,65,46,71,35,45,49,56,23,10,37,73,50,50,13440000,0,0,0,0,0,0
Shaquille,O'Neal,85,340,31,C,Louisiana State,12,Heat,92,41,5,38,44,47,79,12,69,37,77,73,79,75,100,45,29464288,32410716,0,0,0,0,0
Wesley,Person,78,200,32,SG,Auburn,10,Heat,53,45,41,56,22,64,32,50,44,51,16,13,27,62,45,50,1600000,0,0,0,0,0,0
Dwyane,Wade,76,212,21,SG,Marquette,1,Heat,62,67,42,30,58,71,40,66,59,65,32,32,31,83,48,85,2834160,3031920,3841442,0,0,0,0
John,Wallace,81,225,29,SF,Syracuse,7,FA,42,70,18,46,14,59,47,29,44,48,36,26,40,64,58,50,0,0,0,0,0,0,0
Dorell,Wright,79,210,17,SF,Leuzinger HS (Lawndale CA),0,Heat,55,50,30,40,20,55,20,40,40,30,25,30,40,80,60,79,960200,1032200,1104300,1700622,0,0,0
Wang,Zhizhi,85,284,26,C,China,4,Heat,40,45,5,49,5,38,69,25,59,34,60,33,45,46,77,50,2500000,2750000,0,0,0,0,0
T.J.,Ford,72,165,20,PG,Texas,1,FA,45,74,11,55,64,77,26,58,53,65,7,19,36,51,41,70,0,0,0,0,0,0,0
Dan,Gadzuric,83,240,25,C,UCLA,2,Bucks,57,41,5,55,15,40,58,42,75,60,79,70,65,49,80,50,550000,0,0,0,0,0,0
Marcus,Haislip,82,230,22,PF,Tennessee,2,Bucks,50,63,8,52,9,44,56,27,57,49,59,46,45,57,64,50,1655280,2365395,0,0,0,0,0
Zendon,Hamilton,83,240,28,C,St. John's (N.Y.),4,Bucks,51,62,5,48,11,40,57,21,55,43,58,67,67,55,81,50,720046,0,0,0,0,0,0
Mike,James,74,188,28,PG,Duquesne,3,Bucks,42,72,78,77,52,78,30,67,54,66,5,11,36,49,44,50,3000000,-1,-1,0,0,0,0
Toni,Kukoc,83,235,35,PF,Croatia,11,Bucks,57,65,55,52,48,46,55,49,40,61,34,34,53,58,69,45,3000000,0,0,0,0,0,0
Desmond,Mason,77,222,26,SF,Oklahoma State,4,Bucks,59,69,22,50,39,65,39,34,40,48,19,29,43,79,59,65,6429333,7233000,8036667,0,0,0,0
Zaza,Pachulia,83,240,19,C,Georgia (Europe),1,Bucks,46,56,5,47,12,39,55,31,57,53,59,71,61,51,78,50,620046,0,0,0,0,0,0
Michael,Redd,78,215,24,SG,Ohio State,4,Bucks,67,79,72,64,39,78,35,51,42,52,5,31,39,73,53,65,3000000,3000000,0,0,0,0,0
Daniel,Santiago,85,260,27,C,St. Vincent,3,Bucks,50,60,5,52,17,38,55,26,61,50,63,48,56,51,78,50,550000,0,0,0,0,0,0
Joe,Smith,82,225,28,PF,Maryland,9,Bucks,62,78,5,60,27,45,66,25,60,45,63,74,68,59,76,50,5899400,6353200,6807000,0,0,0,0
Erick,Strickland,75,210,29,SG,Nebraska,8,Bucks,34,78,75,43,42,69,32,54,55,67,13,19,38,66,52,50,1650000,0,0,0,0,0,0
Keith,Van Horn,82,240,28,SF,Utah,7,Bucks,59,74,76,41,29,62,50,41,48,58,25,47,60,66,70,60,14487000,0,0,0,0,0,0
Maurice,Williams,73,185,20,PG,Alabama,1,Bucks,43,71,27,56,33,80,23,49,52,62,8,20,28,53,39,50,1600000,1760000,1920000,0,0,0,0
Sam,Cassell,75,185,33,PG,Florida State,11,Timberwolves,55,79,76,60,80,94,28,50,51,61,13,12,33,62,42,45,5650000,6100000,0,0,0,0,0
Ndudi,Ebi,81,200,19,SF,Westbury Christian HS (TX),1,Timberwolves,43,45,5,46,16,59,42,22,45,40,42,21,24,58,45,65,751200,803600,1448890,0,0,0,0
Kevin,Garnett,83,240,27,PF,Farragut Academy HS (IL),9,Timberwolves,98,71,25,54,57,54,99,60,70,62,72,55,100,68,90,50,16000000,18000000,20000000,22000000,24000000,0,0
Trenton,Hassell,77,200,24,SG,Austin Peay,3,Timberwolves,45,71,30,81,38,65,40,75,41,39,48,24,34,67,48,50,3000000,3300000,3600000,3900000,4200000,4500000,0
Fred,Hoiberg,77,210,31,SG,Iowa State,9,Timberwolves,33,76,84,74,32,61,44,60,52,62,13,11,51,62,59,50,1600000,1760000,0,0,0,0,0
Troy,Hudson,73,170,27,PG,Southern Illinois,7,Timberwolves,38,74,81,60,40,86,24,46,42,49,6,10,27,51,37,50,4900000,-1,-1,-1,-1,-1,0
Ervin,Johnson,83,255,35,C,New Orleans,11,Timberwolves,48,53,5,57,14,33,56,27,65,51,69,54,65,41,83,45,4998349,0,0,0,0,0,0
Mark,Madsen,81,245,27,PF,Stanford,4,Timberwolves,52,40,5,53,15,39,44,31,44,52,42,71,46,54,67,50,1650000,0,0,0,0,0,0
Darrick,Martin,71,170,32,PG,UCLA,9,FA,52,45,31,82,23,79,20,39,43,52,10,12,22,52,34,50,0,0,0,0,0,0,0
Oliver,Miller,81,315,33,C,Arkansas,9,FA,49,57,5,50,26,36,53,31,68,57,71,66,63,42,92,50,0,0,0,0,0,0,0
Michael,Olowokandi,84,270,28,C,U. of Pacific,6,Timberwolves,56,51,5,46,14,38,62,20,69,43,75,63,66,46,87,50,5408700,5949570,0,0,0,0,0
Latrell,Sprewell,77,195,33,SG,Alabama,12,Timberwolves,61,73,68,60,47,70,36,54,45,53,14,14,33,67,47,45,14625000,0,0,0,0,0,0
Blake,Stepp,76,194,21,PG,Gonzaga,0,FA,44,64,58,80,50,84,20,40,32,38,6,19,25,58,45,55,0,0,0,0,0,0,0
Wally,Szczerbiak,79,235,26,SF,Miami (Ohio),5,Timberwolves,45,75,59,56,23,62,45,42,42,50,18,32,43,62,62,60,9000000,10000000,11000000,12000000,13000000,0,0
Gary,Trent,80,250,29,PF,Ohio,9,FA,56,68,5,51,24,45,50,13,44,40,45,57,51,53,71,50,0,0,0,0,0,0,0
Brandon,Armstrong,77,185,23,SG,Pepperdine,3,FA,45,45,51,48,14,68,28,43,47,56,14,18,26,59,43,50,0,0,0,0,0,0,0
Rodney,Buford,77,195,26,SG,Creighton,4,Nets,53,45,5,64,13,65,32,61,51,60,16,20,26,64,43,50,745046,0,0,0,0,0,0
Jason,Collins,84,260,24,C,Stanford,3,Nets,47,66,5,62,42,32,49,27,51,55,50,47,43,42,71,50,1887864,0,0,0,0,0,0
Hubert,Davis,77,183,33,SG,North Carolina,12,FA,44,45,5,53,12,58,22,30,39,42,10,10,17,57,36,45,0,0,0,0,0,0,0
Kyle,Davis,82,235,21,C,Auburn,0,Nets,41,44,6,43,23,40,40,16,47,32,50,51,44,54,79,55,385277,0,0,0,0,0,0
Christian,Drejer,81,225,20,SF,Florida,0,FA,34,57,55,52,35,57,26,26,29,35,16,27,28,60,59,55,0,0,0,0,0,0,0
Lucious,Harris,77,205,32,SG,Long Beach State,11,Nets,37,77,60,71,38,63,29,54,44,54,6,21,29,58,45,45,2647058,0,0,0,0,0,0
Richard,Jefferson,79,222,23,SF,Arizona,3,Nets,64,68,62,52,49,66,45,49,43,54,18,28,46,70,61,70,2266794,-1,-1,-1,-1,-1,-1
Jason,Kidd,76,212,30,PG,California,10,Nets,51,75,66,57,91,80,50,78,62,75,11,28,50,59,57,50,14796000,16440000,18084000,19728000,21372000,0,0
Nenad,Krstic,84,240,20,C,Serbia-Montenegro,0,Nets,52,59,5,50,7,42,36,9,41,26,44,35,34,52,71,50,939480,1010040,1080480,1889759,0,0,0
Ron,Mercer,79,210,27,SF,Kentucky,7,FA,45,68,5,51,20,60,39,42,47,55,26,23,37,55,54,50,0,0,0,0,0,0,0
Alonzo,Mourning,82,261,33,C,Georgetown,11,Nets,50,80,5,54,9,40,53,11,58,40,62,47,49,50,74,45,5408700,5900400,6392100,0,0,0,0
Zoran,Planinic,79,195,21,PG,Bosnia-Herzegovina,1,Nets,46,55,29,59,32,70,26,39,48,57,11,16,27,58,39,50,878100,939400,1545313,0,0,0,0
Brian,Scalabrine,81,240,25,PF,USC,3,Nets,45,75,23,59,26,42,52,22,47,49,46,41,55,53,72,50,891321,0,0,0,0,0,0
Jacque,Vaughn,73,190,28,PG,Kansas,7,Nets,40,70,7,63,49,69,24,49,50,61,6,10,32,50,41,50,932546,0,0,0,0,0,0
Aaron,Williams,81,240,32,PF,Xavier (Ohio),10,Nets,60,60,5,47,28,44,51,30,55,51,56,55,55,59,72,50,3150000,0,0,0,0,0,0
Eric,Williams,80,220,31,SF,Providence,9,Nets,48,64,47,48,21,63,43,49,50,64,19,33,53,78,65,50,2000000,2200000,2400000,0,0,0,0
Courtney,Alexander,77,205,26,SG,Fresno State,3,FA,43,73,47,54,28,67,28,37,45,52,13,22,27,69,44,55,0,0,0,0,0,0,0
Chris,Andersen,82,220,25,PF,Blinn Coll. TX (J.C.),3,Hornets,48,51,5,52,19,41,68,33,77,56,82,60,70,64,76,50,1600000,1760000,0,0,0,0,0
Darrell,Armstrong,73,180,35,PG,Fayetteville State,10,Hornets,42,77,66,59,61,81,29,80,67,81,14,22,30,54,39,50,3250000,0,0,0,0,0,0
P.J.,Brown,83,239,34,PF,Louisiana Tech,11,FA,59,77,5,65,37,41,71,45,52,53,51,63,61,49,75,45,0,0,0,0,0,0,0
Baron,Davis,75,223,24,PG,UCLA,5,Hornets,70,59,71,48,75,79,37,77,68,80,20,20,34,76,50,60,11326219,12584688,13843157,15101626,16360095,0,0
Alex,Garcia,75,195,23,SG,Brazil,1,Hornets,47,45,5,39,6,65,25,80,48,53,10,10,17,60,38,50,620046,0,0,0,0,0,0
George,Lynch,80,235,33,SF,North Carolina,11,Hornets,37,59,56,65,34,49,44,36,45,54,24,43,50,52,65,45,3000000,3200000,-1,0,0,0,0
Jamaal,Magloire,83,259,25,C,Kentucky,4,Hornets,66,67,5,38,25,43,68,13,55,39,59,70,77,63,90,65,6000000,6500000,7000000,0,0,0,0
Jamal,Mashburn,80,247,30,SF,Kentucky,11,Hornets,65,73,58,55,26,65,52,42,43,50,24,26,51,63,67,45,9300000,0,0,0,0,0,0
Tim,Pickett,76,207,22,SG,Florida State,0,Hornets,44,58,63,53,26,75,24,49,41,50,13,19,25,69,51,55,385277,0,0,0,0,0,0
Rodney,Rogers,79,255,32,PF,Wake Forest,11,Hornets,54,69,62,50,35,45,52,39,50,62,48,52,56,51,75,45,1000000,0,0,0,0,0,0
J.R.,Smith,78,220,18,SF,St. Benedict's Prep (Newark N,0,Hornets,45,70,55,40,30,70,20,40,40,35,25,35,40,75,60,81,928080,997800,1067400,1641661,0,0,0
Steve,Smith,80,221,34,SG,Michigan State,13,FA,34,85,68,57,25,64,32,32,44,49,16,22,28,68,47,45,0,0,0,0,0,0,0
David,Wesley,73,203,32,SG,Baylor,11,Hornets,49,67,66,60,46,71,26,59,51,60,14,11,22,66,42,45,4455000,4950000,0,0,0,0,0
David,West,81,240,23,PF,Xavier (Ohio),1,Hornets,52,63,5,55,25,43,59,27,54,53,54,76,67,55,78,50,1247160,1334160,2051938,0,0,0,0
Shammond,Williams,73,201,28,PG,North Carolina,6,FA,34,81,61,65,35,69,30,66,54,66,12,16,29,66,46,50,0,0,0,0,0,0,0
Shandon,Anderson,78,210,29,SG,Georgia,8,Knicks,41,68,48,50,33,62,34,47,51,60,18,21,35,67,50,50,7300000,7900000,8500000,0,0,0,0
Trevor,Ariza,79,194,18,SF,UCLA,0,Knicks,40,36,34,54,25,61,32,44,35,43,19,26,37,69,62,55,385277,0,0,0,0,0,0
Vin,Baker,83,250,31,PF,Hartford,11,Knicks,70,65,5,53,23,45,58,25,51,49,52,55,53,57,72,45,3450000,3881250,0,0,0,0,0
Jamison,Brewer,76,184,22,PG,Auburn,3,Knicks,51,45,32,63,20,70,25,64,50,61,7,12,25,49,37,50,720046,0,0,0,0,0,0
Jamal,Crawford,77,190,23,SG,Michigan,4,Knicks,61,75,70,54,63,75,36,68,56,64,21,13,34,67,47,65,5800000,6525000,7250000,7975000,8700000,9425000,10150000
Anfernee,Hardaway,79,215,32,SG,Memphis,11,Knicks,41,78,48,64,33,64,38,57,51,59,19,23,33,65,50,45,14625000,15750000,0,0,0,0,0
Allan,Houston,78,200,32,SG,Tennessee,11,Knicks,62,83,89,51,30,74,26,46,40,49,6,11,25,64,43,45,17531250,19125000,20718750,0,0,0,0
DerMarr,Johnson,81,201,23,SG,Cincinnati,3,FA,37,82,49,49,15,64,41,43,51,56,32,16,38,73,51,50,0,0,0,0,0,0,0
Stephon,Marbury,74,205,26,PG,Georgia Tech,8,Knicks,58,71,64,67,57,87,29,71,56,68,9,12,29,61,41,60,14625000,16453125,18281250,20109375,21937500,0,0
Nazr,Mohammed,82,250,26,C,Kentucky,6,Knicks,57,55,5,45,13,41,60,18,60,48,63,73,65,50,82,50,5250000,5500000,0,0,0,0,0
Moochie,Norris,74,188,30,PG,West Florida,7,Knicks,39,67,27,57,29,71,28,67,52,62,10,9,28,53,39,50,3850000,4200000,4550000,0,0,0,0
Bruno,Sundov,86,260,23,C,Croatia,6,Knicks,45,45,5,37,5,37,57,15,52,34,51,36,40,42,70,50,870046,0,0,0,0,0,0
Mike,Sweetney,80,260,21,PF,Georgetown,1,Knicks,54,64,5,45,12,44,58,31,52,55,51,72,60,56,77,60,1978920,2116920,2696956,0,0,0,0
Kurt,Thomas,81,235,31,PF,Texas Christian,9,Knicks,65,75,5,54,38,44,63,20,53,46,55,41,75,47,81,50,5884500,6620062,7355625,8091187,0,0,0
Tim,Thomas,82,240,26,SF,Villanova,7,Knicks,54,68,74,53,30,59,46,38,48,56,27,26,49,62,65,60,12900000,13975000,0,0,0,0,0
Jerome,Williams,81,206,30,PF,Georgetown,8,Knicks,53,64,5,47,12,42,61,46,42,60,37,55,68,51,72,50,5600000,6075000,6425000,7050000,0,0,0
Stacey,Augmon,80,213,35,SF,Nevada-Las Vegas,13,Magic,44,71,5,53,28,55,40,51,51,62,26,31,38,63,54,45,1100000,0,0,0,0,0,0
Tony,Battie,83,240,27,PF,Texas Tech,7,Magic,56,62,16,52,19,41,58,20,56,45,58,55,59,53,74,50,4800000,5200000,0,0,0,0,0
Keith,Bogans,77,215,23,SG,Kentucky,1,Magic,38,55,72,59,30,60,41,48,45,53,13,42,45,61,56,50,620046,0,0,0,0,0,0
Michael,Bradley,82,225,24,PF,Villanova,3,Magic,47,45,5,42,8,38,50,24,38,40,31,28,37,46,59,50,720046,0,0,0,0,0,0
Kelvin,Cato,83,275,29,C,Iowa State,7,Magic,51,60,5,53,24,36,64,23,68,53,72,64,67,45,87,50,7992000,8640000,0,0,0,0,0
Andrew,DeClercq,82,255,30,C,Florida,9,Magic,46,73,5,54,20,35,49,37,59,59,60,75,59,40,80,50,2765812,0,0,0,0,0,0
Steve,Francis,75,200,26,PG,Maryland,5,Magic,60,69,60,32,66,69,36,59,59,69,22,29,40,77,52,60,11326219,12584688,13843157,15101626,16360095,0,0
Pat,Garrity,81,238,27,PF,Notre Dame,6,Magic,47,45,5,58,11,39,44,21,37,36,31,27,30,45,58,50,2500000,2750000,3000000,0,0,0,0
Dwight,Howard,83,240,17,PF,SW Atlanta Christian Academy (,0,Magic,65,55,5,40,20,40,50,25,50,35,55,50,50,85,85,100,4179720,4493160,4806720,6061273,0,0,0
Cuttino,Mobley,76,215,28,SG,Rhode Island,6,Magic,55,73,82,55,44,66,41,59,51,58,20,10,41,64,54,55,5884500,0,0,0,0,0,0
Jameer,Nelson,72,190,21,PG,St. Joseph's (PA),0,Magic,53,66,64,48,49,82,22,57,47,59,5,17,30,70,50,77,1106160,1189200,1272120,1961609,0,0,0
DeShawn,Stevenson,77,210,22,SG,Washington Union HS (CA),4,Magic,60,59,22,53,32,68,39,44,41,46,21,22,36,69,50,50,1000000,0,0,0,0,0,0
Hidayet,Turkoglu,82,220,24,SF,Turkey,4,Magic,41,63,85,61,43,56,53,53,54,64,31,20,60,60,68,55,5200000,5720000,6240000,6760000,7280000,7800000,0
Kedrick,Brown,79,222,22,SF,Okaloosa-Walton CC FL (J.C.),3,76ers,43,54,51,67,20,56,43,48,49,61,21,33,45,55,60,50,2332388,0,0,0,0,0,0
Samuel,Dalembert,83,250,22,C,Seton Hall,2,76ers,57,56,5,52,15,38,70,14,77,44,85,64,73,46,86,70,1599549,0,0,0,0,0,0
Willie,Green,76,200,22,SG,Detroit Mercy,1,76ers,47,65,47,44,27,72,28,47,51,60,16,18,29,69,46,50,550000,0,0,0,0,0,0
Andre,Iguodala,78,207,19,SG,Arizona,0,76ers,41,66,46,59,44,63,36,40,38,48,20,39,48,67,70,92,1914480,2058000,2201640,2804889,0,0,0
Allen,Iverson,72,165,28,SG,Georgetown,8,76ers,81,67,59,25,67,87,25,83,64,79,5,13,29,83,41,60,14625000,16453125,18281250,20109375,21937500,0,0
Marc,Jackson,82,253,28,PF,Temple,4,76ers,60,71,5,53,16,43,58,27,42,48,41,54,54,58,74,50,4225000,4550000,4875000,0,0,0,0
Kyle,Korver,79,210,22,SF,Creighton,1,76ers,36,71,78,54,20,60,37,35,47,56,26,30,41,55,56,50,550000,0,0,0,0,0,0
Aaron,McKie,77,209,31,SG,Temple,10,76ers,37,68,83,62,47,62,41,66,57,65,22,17,40,62,52,50,5500000,6000000,0,0,0,0,0
Kevin,Ollie,74,195,30,PG,Connecticut,7,76ers,38,76,7,71,52,71,31,53,52,62,11,14,39,61,46,50,2704350,2950200,3196050,3441900,0,0,0
Glenn,Robinson,79,240,30,SF,Purdue,10,76ers,60,75,65,39,22,65,43,44,47,57,21,29,44,62,62,50,12000000,0,0,0,0,0,0
John,Salmons,79,210,23,SG,Miami (Fla.),2,76ers,35,69,61,60,37,58,41,62,55,63,20,19,39,64,52,50,771400,1390834,0,0,0,0,0
Brian,Skinner,81,265,27,C,Baylor,6,76ers,64,49,5,50,20,42,64,16,59,44,63,57,68,45,86,50,4500000,4950000,5400000,5850000,0,0,0
Kenny,Thomas,79,245,26,PF,New Mexico,5,76ers,68,67,5,44,30,45,58,39,31,55,24,70,67,56,78,50,4781250,5312500,5843750,6375000,6906250,7437500,0
Corliss,Williamson,79,245,29,PF,Arkansas,9,76ers,64,65,5,40,23,63,39,20,41,46,27,43,44,66,63,50,5500000,6000000,6500000,0,0,0,0
Leandro,Barbosa,75,176,20,PG,Brazil,1,FA,39,69,79,51,39,79,22,61,63,78,10,13,28,50,38,50,0,0,0,0,0,0,0
Zarko,Cabarkapa,83,235,22,PF,Serbia-Montenegro,1,Suns,50,58,20,36,26,44,52,19,51,46,51,41,52,55,69,50,1312800,1404360,2157096,0,0,0,0
Keon,Clark,83,221,28,C,Nevada-Las Vegas,6,FA,46,45,5,59,9,37,58,30,53,38,51,35,41,38,63,50,0,0,0,0,0,0,0
Howard,Eisley,74,180,30,PG,Boston College,10,Suns,38,81,66,70,52,77,25,52,54,65,10,11,32,51,40,50,6375000,6906250,7437500,0,0,0,0
Donnell,Harvey,80,220,23,SF,Florida,4,FA,44,59,5,44,11,56,49,35,52,55,45,47,45,66,61,50,0,0,0,0,0,0,0
Steven,Hunter,84,240,22,C,DePaul,3,Suns,53,25,5,52,11,38,61,7,71,35,79,56,59,49,77,50,720046,-1,0,0,0,0,0
Casey,Jacobsen,78,215,22,SG,Stanford,2,Suns,32,74,79,62,30,57,33,41,45,53,12,19,35,62,51,50,1082160,1780153,0,0,0,0,0
Joe,Johnson,79,235,22,SF,Arkansas,3,Suns,64,67,62,56,51,60,40,50,42,53,16,19,37,56,58,50,2358954,0,0,0,0,0,0
Maciej,Lampe,83,240,18,PF,Poland,1,Suns,55,69,5,49,10,43,56,22,45,44,45,41,53,51,71,50,900000,1000000,-1,0,0,0,0
Shawn,Marion,79,215,25,SF,UNLV,5,Suns,67,77,69,58,41,65,69,75,70,76,56,53,66,67,71,60,11326219,12584688,13843157,15101626,16360095,0,0
Steve,Nash,75,195,29,PG,Santa Clara,8,Suns,44,84,83,66,93,84,26,50,42,51,6,18,27,56,39,60,8750000,9625000,10500000,11375000,12250000,0,0
Quentin,Richardson,77,238,23,SG,DePaul,4,Suns,61,66,74,49,39,70,45,51,46,54,16,50,47,66,59,65,5000000,5500000,6000000,6500000,7000000,0,0
Amare,Stoudemire,82,245,20,PF,Cypress Creek (Orlando FL) '0,2,Suns,92,63,5,24,28,53,64,37,63,57,65,56,62,77,75,80,2032200,2589022,0,0,0,0,0
Jake,Voskuhl,83,245,26,C,Connecticut,4,Suns,54,66,5,52,22,38,45,25,47,50,46,58,54,48,74,50,1743750,1937500,0,0,0,0,0
Jackson,Vroman,82,220,22,PF,Iowa State,0,Suns,61,37,5,47,26,49,43,31,32,39,31,40,49,61,78,55,385277,-1,0,0,0,0,0
Shareef,Abdur-Rahim,81,245,26,PF,California,8,Blazers,80,80,16,47,33,52,59,30,32,48,28,53,65,69,77,60,14625000,0,0,0,0,0,0
Derek,Anderson,77,195,29,SG,Kentucky,7,Blazers,47,74,64,66,47,68,34,66,50,61,7,13,35,66,48,50,8443500,9093000,9742500,0,0,0,0
Richie,Frahm,77,210,26,SG,Gonzaga,1,Blazers,35,80,63,84,18,67,34,47,50,58,17,17,30,65,47,50,550000,0,0,0,0,0,0
Viktor,Khryapa,81,210,21,PF,Russia,0,Blazers,50,50,5,40,20,45,40,20,40,30,35,45,45,60,60,73,1019400,1095960,1172400,1928598,0,0,0
Darius,Miles,81,210,22,SF,East St. Louis HS (IL),4,Blazers,54,46,19,52,29,59,51,39,53,55,47,40,51,64,61,60,6000000,6750000,7500000,8250000,9000000,9750000,0
Sergei,Monia,80,220,20,SF,Russia,0,FA,32,55,47,47,19,55,30,31,30,33,22,23,27,62,58,71,0,0,0,0,0,0,0
Travis,Outlaw,81,210,19,PF,Starkville HS (MS),1,Blazers,49,45,5,52,12,45,44,44,39,43,31,33,33,49,53,50,843000,901800,1530354,0,0,0,0
Ruben,Patterson,77,224,28,SF,Cincinnati,6,Blazers,52,47,5,51,37,56,37,58,59,73,27,57,36,65,56,50,5899400,6353200,0,0,0,0,0
Joel,Przybilla,85,255,24,C,Minnesota,4,Blazers,40,45,5,56,15,32,62,9,52,34,51,34,40,39,70,50,750000,900000,0,0,0,0,0
Zach,Randolph,81,270,22,PF,Michigan State,3,Blazers,92,68,5,33,36,52,71,36,31,47,27,57,74,58,85,70,1805126,0,0,0,0,0,0
Theo,Ratliff,82,235,30,PF,Wyoming,9,Blazers,57,57,5,49,20,41,66,18,77,44,86,48,61,63,74,50,10937500,0,0,0,0,0,0
Vladimir,Stepania,85,255,27,C,Republic of Georgia,6,Blazers,48,53,5,58,16,37,59,16,60,47,63,69,60,46,80,50,1100000,0,0,0,0,0,0
Damon,Stoudamire,70,171,30,PG,Arizona,9,Blazers,45,80,77,72,68,82,25,59,47,57,6,13,33,46,41,50,15750000,0,0,0,0,0,0
Sebastian,Telfair,71,165,18,PG,Abraham Lincoln HS (Brooklyn,0,Blazers,55,55,50,45,50,90,10,40,40,50,10,20,20,75,40,88,1559280,1676280,1793160,2562425,0,0,0
Nick,Van Exel,73,195,31,PG,Cincinnati,11,Blazers,48,63,63,67,51,81,27,46,41,47,6,12,29,53,40,45,11821750,12731125,0,0,0,0,0
Qyntel,Woods,80,221,22,SF,Northeast Mississippi CC,2,Blazers,39,55,33,44,26,58,46,34,51,56,38,46,51,64,63,50,1172160,1867250,0,0,0,0,0
Mike,Bibby,73,190,25,PG,Arizona,6,Kings,52,74,81,69,64,92,31,68,52,63,12,18,29,64,40,60,10500000,11500000,12500000,13500000,14500000,0,0
Doug,Christie,78,205,33,SG,Pepperdine,12,Kings,41,78,59,61,57,58,43,85,68,78,29,20,38,67,51,45,7550000,8200000,0,0,0,0,0
Bobby,Jackson,73,185,30,PG,Minnesota,7,Kings,49,67,76,63,35,93,30,56,55,66,13,31,38,58,44,50,3150000,3375000,0,0,0,0,0
Kevin,Martin,79,185,20,SG,Western Carolina,0,Kings,60,63,49,42,24,84,22,40,38,46,13,20,27,89,50,50,872040,937440,1002840,0,0,0,0
Brad,Miller,84,261,27,C,Purdue,6,Kings,67,70,30,61,55,42,73,26,55,51,56,53,78,51,90,60,7875000,8750000,9625000,10500000,11375000,12250000,0
Ricky,Minard,76,200,21,PG,Morehead State,0,Kings,62,59,47,44,40,90,28,45,38,46,13,18,35,80,54,55,385277,500000,0,0,0,0,0
Greg,Ostertag,86,280,30,C,Kansas,9,Kings,53,50,5,58,37,33,66,9,68,37,76,75,61,46,85,50,4200000,4620000,0,0,0,0,0
Jabari,Smith,83,240,26,C,Louisiana State,3,FA,47,52,5,62,13,40,54,13,59,40,64,50,49,48,72,50,0,0,0,0,0,0,0
Darius,Songaila,81,248,25,PF,Wake Forest,1,Kings,53,73,5,56,21,44,51,39,46,62,43,62,54,54,73,50,1600000,1760000,0,0,0,0,0
Predrag,Stojakovic,82,229,26,SF,Serbia-Montenegro,6,Kings,70,85,95,57,35,69,50,58,43,58,9,22,52,65,64,60,6975000,7600000,8225000,0,0,0,0
Chris,Webber,82,245,30,PF,Michigan,11,Kings,79,63,6,53,35,49,63,39,53,58,52,47,64,60,77,45,17531250,19125000,0,0,0,0,0
Brent,Barry,78,203,31,SG,Oregon State,9,Spurs,42,75,93,55,61,65,39,71,60,70,18,11,40,64,51,50,4500000,4950000,5400000,5850000,0,0,0
Bruce,Bowen,79,200,32,SF,Cal State Fullerton,8,Spurs,35,50,73,63,31,70,38,100,51,57,25,14,32,62,47,50,3000000,3375000,3750000,4125000,0,0,0
Devin,Brown,77,235,24,SF,Texas-San Antonio,2,Spurs,41,73,14,48,23,59,45,34,45,53,23,43,54,64,67,50,695046,0,0,0,0,0,0
Tim,Duncan,84,260,27,PF,Wake Forest,7,Spurs,94,52,5,45,45,53,99,41,73,49,79,65,93,82,93,60,14260640,15845156,17429671,19014187,20598703,22183218,0
Emanuel,Ginobili,78,210,26,SG,Argentina,2,Spurs,47,72,73,50,58,68,38,68,68,81,14,30,47,74,56,50,6600000,7425000,8250000,9075000,9900000,10725000,0
Robert,Horry,82,208,33,PF,Alabama,12,Spurs,45,56,61,62,31,44,50,37,58,59,58,59,51,55,63,45,1100000,0,0,0,0,0,0
Linton,Johnson,80,205,23,SF,Tulane,1,Spurs,42,51,24,50,18,55,53,51,63,69,54,52,59,63,66,50,650000,800000,0,0,0,0,0
Sean,Marks,82,250,28,PF,California,4,Spurs,49,59,5,45,7,41,53,21,51,48,51,38,46,52,68,50,750000,0,0,0,0,0,0
Tony,Massenburg,81,250,36,PF,Maryland,12,Spurs,54,60,5,48,18,43,48,23,51,46,51,53,61,53,76,45,1100000,0,0,0,0,0,0
Radoslav,Nesterovic,84,248,27,C,Slovenia,6,Spurs,61,39,5,57,33,38,64,19,72,46,78,79,59,39,79,50,6160000,6720000,7280000,7840000,8400000,0,0
Tony,Parker,74,180,21,PG,France,3,Spurs,55,62,62,61,68,85,26,47,40,48,5,13,31,57,40,50,1545441,0,0,0,0,0,0
Malik,Rose,79,255,28,PF,Drexel,8,Spurs,61,73,5,34,26,47,55,25,49,53,48,61,61,71,78,50,5462500,6008750,6555000,7101250,0,0,0
Viktor,Sanikidze,80,196,17,SF,Republic of Georgia,0,FA,36,38,5,41,9,48,21,22,20,24,10,14,20,53,49,55,0,0,0,0,0,0,0
Romain,Sato,77,205,22,SG,Xavier (Ohio),0,Spurs,46,64,51,54,30,75,30,39,33,40,8,34,40,84,64,55,385277,-1,-1,0,0,0,0
Beno,Udrih,75,203,21,SG,Slovenia,0,Spurs,35,72,45,49,21,68,17,40,32,40,6,10,16,62,43,61,841680,904800,967920,1747095,0,0,0
Kevin,Willis,84,245,41,C,Michigan State,19,FA,51,54,5,40,12,42,55,43,60,62,60,57,53,47,74,45,0,0,0,0,0,0,0
Ray,Allen,77,205,28,SG,Connecticut,8,Sonics,68,82,86,49,57,80,37,58,48,58,10,26,41,71,52,60,14625000,0,0,0,0,0,0
Nick,Collison,81,255,23,PF,Kansas,0,Sonics,71,52,29,44,31,52,49,28,45,39,47,49,51,67,83,75,1696680,1815000,2501070,0,0,0,0
Antonio,Daniels,76,205,28,PG,Bowling Green,7,Sonics,41,76,62,93,64,76,34,58,47,57,9,13,32,60,43,50,2200000,2200000,0,0,0,0,0
Reggie,Evans,80,245,23,PF,Iowa,2,Sonics,47,48,5,48,16,37,52,47,39,63,34,78,69,56,79,50,880000,0,0,0,0,0,0
Danny,Fortson,80,260,27,PF,Cincinnati,7,Sonics,52,74,5,43,11,44,52,24,48,47,48,100,72,60,83,50,5922078,0,0,0,0,0,0
Jerome,James,85,272,27,C,Florida A&M,4,Sonics,53,58,5,38,16,39,53,20,67,45,73,60,60,49,83,50,4545000,0,0,0,0,0,0
Rashard,Lewis,82,215,24,SF,Alief Elsik HS (TX),6,Sonics,63,68,77,58,39,64,52,47,52,59,37,36,54,63,64,65,7800000,-1,-1,-1,-1,0,0
Ronald,Murray,76,190,24,SG,Shaw,2,Sonics,60,63,59,46,49,76,33,57,58,65,28,18,32,75,46,75,695046,0,0,0,0,0,0
Vitaly,Potapenko,82,285,28,C,Wright State,8,Sonics,58,56,5,49,20,39,55,11,54,41,57,56,54,42,81,50,6191250,0,0,0,0,0,0
Vladimir,Radmanovic,82,234,22,SF,Serbia-Montenegro,3,Sonics,49,67,76,58,39,57,52,46,52,59,36,36,53,57,66,65,2300984,0,0,0,0,0,0
Luke,Ridnour,74,175,22,PG,Oregon,1,Sonics,41,74,51,59,47,79,23,59,57,69,12,22,28,54,38,65,1531200,1638000,2425878,0,0,0,0
Ansu,Sesay,81,225,27,SF,Mississippi,3,FA,43,62,14,54,17,57,45,38,56,58,50,49,39,65,57,50,0,0,0,0,0,0,0
Leon,Smith,82,235,23,PF,Martin Luther King HS (Chicago,2,FA,51,45,5,48,5,45,45,21,37,36,31,40,37,45,60,50,0,0,0,0,0,0,0
Robert,Swift,84,245,17,C,Bakersfield HS (CA),0,Sonics,50,55,5,40,20,35,45,20,40,30,55,50,50,40,80,89,1641360,1764480,1887600,2601112,0,0,0
Rafer,Alston,74,175,27,PG,Fresno State,5,Raptors,41,69,78,78,63,77,27,61,58,69,14,8,32,51,40,50,3500000,-1,-1,-1,-1,-1,0
Rafael,Araujo,83,290,23,C,Brigham Young,0,Raptors,70,64,26,52,21,47,57,29,46,47,47,50,66,63,99,93,2082720,2238960,2395200,3046694,0,0,0
Robert,Archibald,83,250,23,PF,Illinois,2,FA,42,45,5,39,23,39,49,14,37,36,31,27,34,51,62,50,0,0,0,0,0,0,0
Corie,Blount,82,242,34,PF,Cincinnati,11,FA,56,46,5,56,24,42,59,45,55,66,52,65,62,49,75,45,0,0,0,0,0,0,0
Chris,Bosh,82,210,19,PF,Georgia Tech,1,Raptors,63,62,9,55,25,45,61,30,61,48,64,55,54,60,65,80,3129720,3348000,4235220,0,0,0,0
Vince,Carter,78,225,26,SG,North Carolina,6,Raptors,71,73,78,42,57,78,46,45,55,57,47,27,37,88,53,60,12584688,13843157,15101626,16360095,0,0,0
Dion,Glover,77,225,25,SF,Georgia Tech,5,FA,44,69,62,54,32,60,46,41,47,54,27,31,49,63,63,50,0,0,0,0,0,0,0
Donyell,Marshall,81,230,30,SF,Connecticut,10,Raptors,44,62,55,55,20,56,56,38,56,56,54,42,55,64,67,50,4545000,0,0,0,0,0,0
Roger,Mason Jr.,77,200,23,SG,Virginia,2,Raptors,36,78,43,54,22,65,35,47,52,58,26,11,33,69,48,50,650000,0,0,0,0,0,0
Jerome,Moiso,82,235,25,PF,UCLA,4,Raptors,52,50,5,45,10,41,60,37,54,57,53,59,58,55,72,50,800000,0,0,0,0,0,0
Lamond,Murray,79,236,30,SF,California,9,Raptors,40,61,63,43,23,59,48,39,49,56,30,27,54,60,67,50,4875000,5250000,0,0,0,0,0
Milt,Palacio,75,195,25,PG,Colorado State,5,Raptors,46,58,15,59,48,67,31,59,52,60,15,12,30,54,41,50,800000,0,0,0,0,0,0
Morris,Peterson,79,215,26,SF,Michigan State,4,Raptors,39,73,76,67,35,55,35,51,50,66,13,13,43,51,58,60,4000000,4500000,5000000,0,0,0,0
Jalen,Rose,80,217,30,SF,Michigan,10,Raptors,48,68,87,51,32,60,43,36,45,52,24,20,44,62,59,50,14487000,15694250,16901500,0,0,0,0
Pape,Sow,82,250,21,PF,Cal State-Fullerton,0,FA,58,51,20,44,15,51,47,38,42,40,43,50,44,77,80,55,0,0,0,0,0,0,0
Rod,Strickland,75,185,37,PG,DePaul,16,FA,55,67,32,64,51,77,34,58,50,58,13,19,37,56,44,45,0,0,0,0,0,0,0
Alvin,Williams,77,185,29,PG,Villanova,7,Raptors,46,70,50,78,48,71,30,58,49,58,11,10,31,51,41,50,5850000,6300000,0,0,0,0,0
Loren,Woods,86,261,25,C,Arizona,3,FA,49,52,5,47,12,36,61,18,62,46,66,82,56,49,78,50,0,0,0,0,0,0,0
Carlos,Arroyo,74,202,24,PG,Florida International,3,Jazz,58,72,55,57,72,86,25,44,46,56,5,16,29,58,41,65,3368421,3789473,4210526,4631578,0,0,0
Raja,Bell,77,210,27,SG,Florida International,4,Jazz,42,71,71,51,35,70,27,41,48,56,13,24,37,72,51,50,825000,0,0,0,0,0,0
Carlos,Boozer,81,258,21,PF,Duke,2,Jazz,79,69,5,54,37,49,77,37,45,54,42,65,90,56,93,80,9000000,9500000,10000000,10500000,11000000,11500000,0
Curtis,Borchardt,84,240,23,C,Stanford,1,Jazz,46,70,5,49,18,37,56,20,65,42,70,49,59,46,77,50,1280880,1969993,0,0,0,0,0
Jarron,Collins,83,255,24,C,Stanford,3,Jazz,52,64,5,55,25,38,42,18,38,40,38,52,47,53,73,50,1625017,-1,0,0,0,0,0
Gordan,Giricek,77,210,26,SG,Croatia,2,Jazz,41,75,77,57,27,65,37,53,49,56,16,20,35,63,50,50,3500000,3800000,4100000,4400000,0,0,0
Matt,Harpring,79,231,27,SF,Georgia Tech,6,Jazz,60,61,29,50,27,62,42,30,40,49,16,55,53,66,66,50,4545000,4545000,0,0,0,0,0
Kris,Humphries,81,235,18,PF,Minnesota,0,Jazz,70,61,36,47,14,55,45,23,38,37,38,57,51,75,78,87,1481400,1592400,1703520,2522913,0,0,0
Andrei,Kirilenko,81,225,22,SF,Russia,3,Jazz,58,71,68,43,45,62,71,75,77,76,80,62,57,95,67,70,1671694,0,0,0,0,0,0
Raul,Lopez,72,160,23,PG,Spain,1,Jazz,43,78,44,42,62,82,19,48,52,63,5,13,32,51,39,50,997320,-1,-1,0,0,0,0
Mehmet,Okur,83,249,24,C,Turkey,2,Jazz,63,70,39,45,25,44,65,23,61,47,64,72,62,52,80,50,6666666,7333333,8000000,8666666,9333333,10000000,0
Kirk,Snyder,78,225,20,SG,Nevada-Reno,0,Jazz,56,60,56,58,40,77,33,34,37,41,23,23,37,92,60,85,1336920,1437240,1537440,2358432,0,0,0
Gilbert,Arenas,75,191,21,PG,Arizona,3,Wizards,63,67,83,19,59,78,31,64,62,75,12,21,39,83,49,65,9282371,10240000,11093333,11946667,12800000,0,0
Steve,Blake,75,172,23,PG,Maryland,1,Wizards,36,74,74,49,48,77,27,67,54,65,10,12,29,51,38,50,620046,0,0,0,0,0,0
Kwame,Brown,83,248,21,PF,Glynn Academy HS (GA),3,Wizards,63,60,8,46,34,43,70,48,48,54,46,58,62,64,76,50,5361873,0,0,0,0,0,0
Mitchell,Butler,77,210,32,SG,UCLA,8,FA,43,55,38,57,25,61,33,52,54,63,17,29,34,63,49,50,0,0,0,0,0,0,0
Juan,Dixon,75,164,25,SG,Maryland,2,Wizards,42,72,60,49,35,74,29,76,60,75,11,17,33,66,43,50,1123500,1725696,0,0,0,0,0
Jarvis,Hayes,79,220,22,SF,Georgia,1,Wizards,44,71,55,52,35,56,34,49,45,60,11,28,38,51,57,60,1879920,2011080,2564127,0,0,0,0
Brendan,Haywood,84,268,23,C,North Carolina,3,Wizards,60,51,5,48,17,40,62,17,69,46,75,83,55,56,80,50,1735305,0,0,0,0,0,0
Larry,Hughes,77,184,24,SG,St. Louis,6,Wizards,63,72,69,42,42,80,43,72,62,71,25,37,45,88,52,60,5499450,0,0,0,0,0,0
Antawn,Jamison,81,225,27,SF,North Carolina,6,Wizards,80,67,38,60,24,53,50,55,32,60,25,71,45,57,64,60,12584688,13843157,15101626,16360095,0,0,0
Jared,Jeffries,83,230,21,PF,Indiana,2,Wizards,50,53,11,50,27,39,48,25,39,51,36,65,50,53,66,50,1528400,2028186,0,0,0,0,0
Anthony,Peeler,76,208,33,SG,Missouri,12,Wizards,33,76,87,56,33,64,36,64,54,64,16,19,35,62,49,45,1000000,0,0,0,0,0,0
Peter,John Ramos,87,275,18,C,Puerto Rico,0,Wizards,50,40,5,40,15,25,40,5,35,15,50,45,45,25,70,55,475000,550000,0,-1,0,0,0
Michael,Ruffin,80,246,26,PF,Tulsa,4,Wizards,48,34,5,51,23,36,54,34,54,54,54,68,63,51,76,50,600000,0,0,0,0,0,0
Etan,Thomas,82,260,25,C,Syracuse,3,Wizards,60,57,5,46,22,42,64,14,69,44,75,69,67,57,84,50,4900000,5390000,5880000,6370000,6860000,7350000,0
Samaki,Walker,81,260,27,PF,Louisville,8,Wizards,49,58,5,51,9,41,57,21,51,48,52,60,58,55,76,50,995046,0,0,0,0,0,0
Chris,Whitney,72,175,32,PG,Clemson,11,FA,50,45,40,74,18,76,26,61,49,58,13,13,26,52,37,45,0,0,0,0,0,0,0
